constprop,instcombine,argpromotion,jump-threading,lcssa,licm,loop-deletion,loop-extract,loop-reduce,loop-rotate,loop-simplify,loop-unroll,loop-unroll-and-jam,loop-unswitch,mem2reg,memcpyopt,Dummy 1,Dummy 2,Dummy 3,Response
1,1,1,1,1,1,1,1,1,1,1,1,1,1,1,1,1,1,1,20.198682865
1,1,-1,-1,-1,-1,1,-1,1,-1,1,1,1,1,-1,-1,1,-1,-1,22.954518008
1,-1,-1,-1,-1,1,-1,1,-1,1,1,1,1,-1,-1,1,-1,-1,1,24.438819003
-1,-1,-1,-1,1,-1,1,-1,1,1,1,1,-1,-1,1,-1,-1,1,1,23.985558513
-1,-1,-1,1,-1,1,-1,1,1,1,1,-1,-1,1,-1,-1,1,1,-1,23.575275572
-1,-1,1,-1,1,-1,1,1,1,1,-1,-1,1,-1,-1,1,1,-1,-1,24.797172648
-1,1,-1,1,-1,1,1,1,1,-1,-1,1,-1,-1,1,1,-1,-1,-1,20.111544506
1,-1,1,-1,1,1,1,1,-1,-1,1,-1,-1,1,1,-1,-1,-1,-1,23.916215499
-1,1,-1,1,1,1,1,-1,-1,1,-1,-1,1,1,-1,-1,-1,-1,1,20.533771389
1,-1,1,1,1,1,-1,-1,1,-1,-1,1,1,-1,-1,-1,-1,1,-1,23.244970926
-1,1,1,1,1,-1,-1,1,-1,-1,1,1,-1,-1,-1,-1,1,-1,1,21.325021595
1,1,1,1,-1,-1,1,-1,-1,1,1,-1,-1,-1,-1,1,-1,1,-1,20.446777988
1,1,1,-1,-1,1,-1,-1,1,1,-1,-1,-1,-1,1,-1,1,-1,1,22.898551197
1,1,-1,-1,1,-1,-1,1,1,-1,-1,-1,-1,1,-1,1,-1,1,1,23.297571167
1,-1,-1,1,-1,-1,1,1,-1,-1,-1,-1,1,-1,1,-1,1,1,1,21.014823718
-1,-1,1,-1,-1,1,1,-1,-1,-1,-1,1,-1,1,-1,1,1,1,1,25.348027796
-1,1,-1,-1,1,1,-1,-1,-1,-1,1,-1,1,-1,1,1,1,1,-1,22.897724533
1,-1,-1,1,1,-1,-1,-1,-1,1,-1,1,-1,1,1,1,1,-1,-1,21.200282958
-1,-1,1,1,-1,-1,-1,-1,1,-1,1,-1,1,1,1,1,-1,-1,1,21.115535158
-1,1,1,-1,-1,-1,-1,1,-1,1,-1,1,1,1,1,-1,-1,1,-1,22.700458141
1,1,1,1,1,1,1,1,1,1,1,1,1,1,1,1,1,1,1,20.326646983
1,1,-1,-1,-1,-1,1,-1,1,-1,1,1,1,1,-1,-1,1,-1,-1,23.070638597
1,-1,-1,-1,-1,1,-1,1,-1,1,1,1,1,-1,-1,1,-1,-1,1,24.465359215
-1,-1,-1,-1,1,-1,1,-1,1,1,1,1,-1,-1,1,-1,-1,1,1,23.997607775
-1,-1,-1,1,-1,1,-1,1,1,1,1,-1,-1,1,-1,-1,1,1,-1,22.553040682
-1,-1,1,-1,1,-1,1,1,1,1,-1,-1,1,-1,-1,1,1,-1,-1,25.028838009
-1,1,-1,1,-1,1,1,1,1,-1,-1,1,-1,-1,1,1,-1,-1,-1,20.206661056
1,-1,1,-1,1,1,1,1,-1,-1,1,-1,-1,1,1,-1,-1,-1,-1,24.188096376
-1,1,-1,1,1,1,1,-1,-1,1,-1,-1,1,1,-1,-1,-1,-1,1,20.732031468
1,-1,1,1,1,1,-1,-1,1,-1,-1,1,1,-1,-1,-1,-1,1,-1,23.302557084
-1,1,1,1,1,-1,-1,1,-1,-1,1,1,-1,-1,-1,-1,1,-1,1,21.140262861
1,1,1,1,-1,-1,1,-1,-1,1,1,-1,-1,-1,-1,1,-1,1,-1,20.407488011
1,1,1,-1,-1,1,-1,-1,1,1,-1,-1,-1,-1,1,-1,1,-1,1,22.787558393
1,1,-1,-1,1,-1,-1,1,1,-1,-1,-1,-1,1,-1,1,-1,1,1,22.74402523
1,-1,-1,1,-1,-1,1,1,-1,-1,-1,-1,1,-1,1,-1,1,1,1,21.08076129
-1,-1,1,-1,-1,1,1,-1,-1,-1,-1,1,-1,1,-1,1,1,1,1,25.215803602
-1,1,-1,-1,1,1,-1,-1,-1,-1,1,-1,1,-1,1,1,1,1,-1,22.809535822
1,-1,-1,1,1,-1,-1,-1,-1,1,-1,1,-1,1,1,1,1,-1,-1,21.192360971
-1,-1,1,1,-1,-1,-1,-1,1,-1,1,-1,1,1,1,1,-1,-1,1,21.306769368
-1,1,1,-1,-1,-1,-1,1,-1,1,-1,1,1,1,1,-1,-1,1,-1,22.945111241
1,1,1,1,1,1,1,1,1,1,1,1,1,1,1,1,1,1,1,20.521146719
1,1,-1,-1,-1,-1,1,-1,1,-1,1,1,1,1,-1,-1,1,-1,-1,23.076105966
1,-1,-1,-1,-1,1,-1,1,-1,1,1,1,1,-1,-1,1,-1,-1,1,24.601529927
-1,-1,-1,-1,1,-1,1,-1,1,1,1,1,-1,-1,1,-1,-1,1,1,24.12597073
-1,-1,-1,1,-1,1,-1,1,1,1,1,-1,-1,1,-1,-1,1,1,-1,22.327778432
-1,-1,1,-1,1,-1,1,1,1,1,-1,-1,1,-1,-1,1,1,-1,-1,24.626814978
-1,1,-1,1,-1,1,1,1,1,-1,-1,1,-1,-1,1,1,-1,-1,-1,19.952190203
1,-1,1,-1,1,1,1,1,-1,-1,1,-1,-1,1,1,-1,-1,-1,-1,24.191367811
-1,1,-1,1,1,1,1,-1,-1,1,-1,-1,1,1,-1,-1,-1,-1,1,20.751875522
1,-1,1,1,1,1,-1,-1,1,-1,-1,1,1,-1,-1,-1,-1,1,-1,23.32678294
-1,1,1,1,1,-1,-1,1,-1,-1,1,1,-1,-1,-1,-1,1,-1,1,21.052239081
1,1,1,1,-1,-1,1,-1,-1,1,1,-1,-1,-1,-1,1,-1,1,-1,20.491463869
1,1,1,-1,-1,1,-1,-1,1,1,-1,-1,-1,-1,1,-1,1,-1,1,22.909949418
1,1,-1,-1,1,-1,-1,1,1,-1,-1,-1,-1,1,-1,1,-1,1,1,23.193517175
1,-1,-1,1,-1,-1,1,1,-1,-1,-1,-1,1,-1,1,-1,1,1,1,20.996126227
-1,-1,1,-1,-1,1,1,-1,-1,-1,-1,1,-1,1,-1,1,1,1,1,25.55147739
-1,1,-1,-1,1,1,-1,-1,-1,-1,1,-1,1,-1,1,1,1,1,-1,22.94262014
1,-1,-1,1,1,-1,-1,-1,-1,1,-1,1,-1,1,1,1,1,-1,-1,21.318284823
-1,-1,1,1,-1,-1,-1,-1,1,-1,1,-1,1,1,1,1,-1,-1,1,21.479549274
-1,1,1,-1,-1,-1,-1,1,-1,1,-1,1,1,1,1,-1,-1,1,-1,22.872436903
1,1,1,1,1,1,1,1,1,1,1,1,1,1,1,1,1,1,1,20.184321619
1,1,-1,-1,-1,-1,1,-1,1,-1,1,1,1,1,-1,-1,1,-1,-1,23.087841228
1,-1,-1,-1,-1,1,-1,1,-1,1,1,1,1,-1,-1,1,-1,-1,1,24.410662039
-1,-1,-1,-1,1,-1,1,-1,1,1,1,1,-1,-1,1,-1,-1,1,1,24.000437333
-1,-1,-1,1,-1,1,-1,1,1,1,1,-1,-1,1,-1,-1,1,1,-1,22.277440421
-1,-1,1,-1,1,-1,1,1,1,1,-1,-1,1,-1,-1,1,1,-1,-1,24.878725817
-1,1,-1,1,-1,1,1,1,1,-1,-1,1,-1,-1,1,1,-1,-1,-1,19.707379668
1,-1,1,-1,1,1,1,1,-1,-1,1,-1,-1,1,1,-1,-1,-1,-1,24.824350622
-1,1,-1,1,1,1,1,-1,-1,1,-1,-1,1,1,-1,-1,-1,-1,1,20.438971415
1,-1,1,1,1,1,-1,-1,1,-1,-1,1,1,-1,-1,-1,-1,1,-1,23.154719367
-1,1,1,1,1,-1,-1,1,-1,-1,1,1,-1,-1,-1,-1,1,-1,1,21.167439022
1,1,1,1,-1,-1,1,-1,-1,1,1,-1,-1,-1,-1,1,-1,1,-1,20.31771243
1,1,1,-1,-1,1,-1,-1,1,1,-1,-1,-1,-1,1,-1,1,-1,1,22.946505674
1,1,-1,-1,1,-1,-1,1,1,-1,-1,-1,-1,1,-1,1,-1,1,1,23.090827503
1,-1,-1,1,-1,-1,1,1,-1,-1,-1,-1,1,-1,1,-1,1,1,1,20.957149958
-1,-1,1,-1,-1,1,1,-1,-1,-1,-1,1,-1,1,-1,1,1,1,1,26.766365642
-1,1,-1,-1,1,1,-1,-1,-1,-1,1,-1,1,-1,1,1,1,1,-1,22.883917939
1,-1,-1,1,1,-1,-1,-1,-1,1,-1,1,-1,1,1,1,1,-1,-1,21.904810581
-1,-1,1,1,-1,-1,-1,-1,1,-1,1,-1,1,1,1,1,-1,-1,1,21.378184207
-1,1,1,-1,-1,-1,-1,1,-1,1,-1,1,1,1,1,-1,-1,1,-1,22.875094796
1,1,1,1,1,1,1,1,1,1,1,1,1,1,1,1,1,1,1,21.030502005
1,1,-1,-1,-1,-1,1,-1,1,-1,1,1,1,1,-1,-1,1,-1,-1,23.006828335
1,-1,-1,-1,-1,1,-1,1,-1,1,1,1,1,-1,-1,1,-1,-1,1,25.047318251
-1,-1,-1,-1,1,-1,1,-1,1,1,1,1,-1,-1,1,-1,-1,1,1,24.541768186
-1,-1,-1,1,-1,1,-1,1,1,1,1,-1,-1,1,-1,-1,1,1,-1,22.248715503
-1,-1,1,-1,1,-1,1,1,1,1,-1,-1,1,-1,-1,1,1,-1,-1,24.850626245
-1,1,-1,1,-1,1,1,1,1,-1,-1,1,-1,-1,1,1,-1,-1,-1,20.102602979
1,-1,1,-1,1,1,1,1,-1,-1,1,-1,-1,1,1,-1,-1,-1,-1,23.947369039
-1,1,-1,1,1,1,1,-1,-1,1,-1,-1,1,1,-1,-1,-1,-1,1,20.614406996
1,-1,1,1,1,1,-1,-1,1,-1,-1,1,1,-1,-1,-1,-1,1,-1,23.443332635
-1,1,1,1,1,-1,-1,1,-1,-1,1,1,-1,-1,-1,-1,1,-1,1,21.12514134
1,1,1,1,-1,-1,1,-1,-1,1,1,-1,-1,-1,-1,1,-1,1,-1,20.450602147
1,1,1,-1,-1,1,-1,-1,1,1,-1,-1,-1,-1,1,-1,1,-1,1,23.021080339
1,1,-1,-1,1,-1,-1,1,1,-1,-1,-1,-1,1,-1,1,-1,1,1,23.136449003
1,-1,-1,1,-1,-1,1,1,-1,-1,-1,-1,1,-1,1,-1,1,1,1,21.073649693
-1,-1,1,-1,-1,1,1,-1,-1,-1,-1,1,-1,1,-1,1,1,1,1,25.333808515
-1,1,-1,-1,1,1,-1,-1,-1,-1,1,-1,1,-1,1,1,1,1,-1,23.316382383
1,-1,-1,1,1,-1,-1,-1,-1,1,-1,1,-1,1,1,1,1,-1,-1,20.960720718
-1,-1,1,1,-1,-1,-1,-1,1,-1,1,-1,1,1,1,1,-1,-1,1,21.164640332
-1,1,1,-1,-1,-1,-1,1,-1,1,-1,1,1,1,1,-1,-1,1,-1,23.010769078
1,1,1,1,1,1,1,1,1,1,1,1,1,1,1,1,1,1,1,20.345035972
1,1,-1,-1,-1,-1,1,-1,1,-1,1,1,1,1,-1,-1,1,-1,-1,23.121052714
1,-1,-1,-1,-1,1,-1,1,-1,1,1,1,1,-1,-1,1,-1,-1,1,24.506949375
-1,-1,-1,-1,1,-1,1,-1,1,1,1,1,-1,-1,1,-1,-1,1,1,24.051931735
-1,-1,-1,1,-1,1,-1,1,1,1,1,-1,-1,1,-1,-1,1,1,-1,22.252640398
-1,-1,1,-1,1,-1,1,1,1,1,-1,-1,1,-1,-1,1,1,-1,-1,24.745757057
-1,1,-1,1,-1,1,1,1,1,-1,-1,1,-1,-1,1,1,-1,-1,-1,20.129230227
1,-1,1,-1,1,1,1,1,-1,-1,1,-1,-1,1,1,-1,-1,-1,-1,24.191031835
-1,1,-1,1,1,1,1,-1,-1,1,-1,-1,1,1,-1,-1,-1,-1,1,20.346999628
1,-1,1,1,1,1,-1,-1,1,-1,-1,1,1,-1,-1,-1,-1,1,-1,23.297869419
-1,1,1,1,1,-1,-1,1,-1,-1,1,1,-1,-1,-1,-1,1,-1,1,21.328887431
1,1,1,1,-1,-1,1,-1,-1,1,1,-1,-1,-1,-1,1,-1,1,-1,20.141595307
1,1,1,-1,-1,1,-1,-1,1,1,-1,-1,-1,-1,1,-1,1,-1,1,22.567225336
1,1,-1,-1,1,-1,-1,1,1,-1,-1,-1,-1,1,-1,1,-1,1,1,22.943282864
1,-1,-1,1,-1,-1,1,1,-1,-1,-1,-1,1,-1,1,-1,1,1,1,21.283071646
-1,-1,1,-1,-1,1,1,-1,-1,-1,-1,1,-1,1,-1,1,1,1,1,25.125715317
-1,1,-1,-1,1,1,-1,-1,-1,-1,1,-1,1,-1,1,1,1,1,-1,23.480500791
1,-1,-1,1,1,-1,-1,-1,-1,1,-1,1,-1,1,1,1,1,-1,-1,21.350974919
-1,-1,1,1,-1,-1,-1,-1,1,-1,1,-1,1,1,1,1,-1,-1,1,21.072396906
-1,1,1,-1,-1,-1,-1,1,-1,1,-1,1,1,1,1,-1,-1,1,-1,23.066725099
1,1,1,1,1,1,1,1,1,1,1,1,1,1,1,1,1,1,1,20.291684475
1,1,-1,-1,-1,-1,1,-1,1,-1,1,1,1,1,-1,-1,1,-1,-1,22.906278722
1,-1,-1,-1,-1,1,-1,1,-1,1,1,1,1,-1,-1,1,-1,-1,1,24.520784287
-1,-1,-1,-1,1,-1,1,-1,1,1,1,1,-1,-1,1,-1,-1,1,1,24.323325328
-1,-1,-1,1,-1,1,-1,1,1,1,1,-1,-1,1,-1,-1,1,1,-1,22.282108465
-1,-1,1,-1,1,-1,1,1,1,1,-1,-1,1,-1,-1,1,1,-1,-1,24.836151006
-1,1,-1,1,-1,1,1,1,1,-1,-1,1,-1,-1,1,1,-1,-1,-1,20.214155763
1,-1,1,-1,1,1,1,1,-1,-1,1,-1,-1,1,1,-1,-1,-1,-1,23.974566735
-1,1,-1,1,1,1,1,-1,-1,1,-1,-1,1,1,-1,-1,-1,-1,1,20.653940171
1,-1,1,1,1,1,-1,-1,1,-1,-1,1,1,-1,-1,-1,-1,1,-1,22.999878831
-1,1,1,1,1,-1,-1,1,-1,-1,1,1,-1,-1,-1,-1,1,-1,1,20.904345575
1,1,1,1,-1,-1,1,-1,-1,1,1,-1,-1,-1,-1,1,-1,1,-1,21.032395202
1,1,1,-1,-1,1,-1,-1,1,1,-1,-1,-1,-1,1,-1,1,-1,1,22.892455244
1,1,-1,-1,1,-1,-1,1,1,-1,-1,-1,-1,1,-1,1,-1,1,1,23.20260725
1,-1,-1,1,-1,-1,1,1,-1,-1,-1,-1,1,-1,1,-1,1,1,1,21.144369931
-1,-1,1,-1,-1,1,1,-1,-1,-1,-1,1,-1,1,-1,1,1,1,1,25.477349563
-1,1,-1,-1,1,1,-1,-1,-1,-1,1,-1,1,-1,1,1,1,1,-1,22.961318117
1,-1,-1,1,1,-1,-1,-1,-1,1,-1,1,-1,1,1,1,1,-1,-1,21.182349999
-1,-1,1,1,-1,-1,-1,-1,1,-1,1,-1,1,1,1,1,-1,-1,1,21.233751905
-1,1,1,-1,-1,-1,-1,1,-1,1,-1,1,1,1,1,-1,-1,1,-1,22.862555107
1,1,1,1,1,1,1,1,1,1,1,1,1,1,1,1,1,1,1,20.319264117
1,1,-1,-1,-1,-1,1,-1,1,-1,1,1,1,1,-1,-1,1,-1,-1,23.125979471
1,-1,-1,-1,-1,1,-1,1,-1,1,1,1,1,-1,-1,1,-1,-1,1,24.548257675
-1,-1,-1,-1,1,-1,1,-1,1,1,1,1,-1,-1,1,-1,-1,1,1,23.946503552
-1,-1,-1,1,-1,1,-1,1,1,1,1,-1,-1,1,-1,-1,1,1,-1,23.048875122
-1,-1,1,-1,1,-1,1,1,1,1,-1,-1,1,-1,-1,1,1,-1,-1,24.803477465
-1,1,-1,1,-1,1,1,1,1,-1,-1,1,-1,-1,1,1,-1,-1,-1,19.990623652
1,-1,1,-1,1,1,1,1,-1,-1,1,-1,-1,1,1,-1,-1,-1,-1,24.186687467
-1,1,-1,1,1,1,1,-1,-1,1,-1,-1,1,1,-1,-1,-1,-1,1,20.640065475
1,-1,1,1,1,1,-1,-1,1,-1,-1,1,1,-1,-1,-1,-1,1,-1,23.078820187
-1,1,1,1,1,-1,-1,1,-1,-1,1,1,-1,-1,-1,-1,1,-1,1,21.285678291
1,1,1,1,-1,-1,1,-1,-1,1,1,-1,-1,-1,-1,1,-1,1,-1,20.384418824
1,1,1,-1,-1,1,-1,-1,1,1,-1,-1,-1,-1,1,-1,1,-1,1,22.783101539
1,1,-1,-1,1,-1,-1,1,1,-1,-1,-1,-1,1,-1,1,-1,1,1,23.320092637
1,-1,-1,1,-1,-1,1,1,-1,-1,-1,-1,1,-1,1,-1,1,1,1,21.094034604
-1,-1,1,-1,-1,1,1,-1,-1,-1,-1,1,-1,1,-1,1,1,1,1,25.490319434
-1,1,-1,-1,1,1,-1,-1,-1,-1,1,-1,1,-1,1,1,1,1,-1,22.859071582
1,-1,-1,1,1,-1,-1,-1,-1,1,-1,1,-1,1,1,1,1,-1,-1,21.885925797
-1,-1,1,1,-1,-1,-1,-1,1,-1,1,-1,1,1,1,1,-1,-1,1,21.485014727
-1,1,1,-1,-1,-1,-1,1,-1,1,-1,1,1,1,1,-1,-1,1,-1,23.168365151
1,1,1,1,1,1,1,1,1,1,1,1,1,1,1,1,1,1,1,20.6964182
1,1,-1,-1,-1,-1,1,-1,1,-1,1,1,1,1,-1,-1,1,-1,-1,23.074242223
1,-1,-1,-1,-1,1,-1,1,-1,1,1,1,1,-1,-1,1,-1,-1,1,24.880228968
-1,-1,-1,-1,1,-1,1,-1,1,1,1,1,-1,-1,1,-1,-1,1,1,24.081280918
-1,-1,-1,1,-1,1,-1,1,1,1,1,-1,-1,1,-1,-1,1,1,-1,22.42593565
-1,-1,1,-1,1,-1,1,1,1,1,-1,-1,1,-1,-1,1,1,-1,-1,25.260720458
-1,1,-1,1,-1,1,1,1,1,-1,-1,1,-1,-1,1,1,-1,-1,-1,20.492732976
1,-1,1,-1,1,1,1,1,-1,-1,1,-1,-1,1,1,-1,-1,-1,-1,24.407417862
-1,1,-1,1,1,1,1,-1,-1,1,-1,-1,1,1,-1,-1,-1,-1,1,20.773942467
1,-1,1,1,1,1,-1,-1,1,-1,-1,1,1,-1,-1,-1,-1,1,-1,23.26935909
-1,1,1,1,1,-1,-1,1,-1,-1,1,1,-1,-1,-1,-1,1,-1,1,21.136127513
1,1,1,1,-1,-1,1,-1,-1,1,1,-1,-1,-1,-1,1,-1,1,-1,20.299797774
1,1,1,-1,-1,1,-1,-1,1,1,-1,-1,-1,-1,1,-1,1,-1,1,22.858286443
1,1,-1,-1,1,-1,-1,1,1,-1,-1,-1,-1,1,-1,1,-1,1,1,23.050120647
1,-1,-1,1,-1,-1,1,1,-1,-1,-1,-1,1,-1,1,-1,1,1,1,21.112184617
-1,-1,1,-1,-1,1,1,-1,-1,-1,-1,1,-1,1,-1,1,1,1,1,25.386001215
-1,1,-1,-1,1,1,-1,-1,-1,-1,1,-1,1,-1,1,1,1,1,-1,22.971569669
1,-1,-1,1,1,-1,-1,-1,-1,1,-1,1,-1,1,1,1,1,-1,-1,21.508180975
-1,-1,1,1,-1,-1,-1,-1,1,-1,1,-1,1,1,1,1,-1,-1,1,21.390067787
-1,1,1,-1,-1,-1,-1,1,-1,1,-1,1,1,1,1,-1,-1,1,-1,23.08345993
1,1,1,1,1,1,1,1,1,1,1,1,1,1,1,1,1,1,1,20.207666926
1,1,-1,-1,-1,-1,1,-1,1,-1,1,1,1,1,-1,-1,1,-1,-1,22.837433196
1,-1,-1,-1,-1,1,-1,1,-1,1,1,1,1,-1,-1,1,-1,-1,1,24.309457659
-1,-1,-1,-1,1,-1,1,-1,1,1,1,1,-1,-1,1,-1,-1,1,1,23.72135445
-1,-1,-1,1,-1,1,-1,1,1,1,1,-1,-1,1,-1,-1,1,1,-1,22.094185511
-1,-1,1,-1,1,-1,1,1,1,1,-1,-1,1,-1,-1,1,1,-1,-1,24.773151327
-1,1,-1,1,-1,1,1,1,1,-1,-1,1,-1,-1,1,1,-1,-1,-1,20.232095827
1,-1,1,-1,1,1,1,1,-1,-1,1,-1,-1,1,1,-1,-1,-1,-1,24.134908215
-1,1,-1,1,1,1,1,-1,-1,1,-1,-1,1,1,-1,-1,-1,-1,1,20.371751811
1,-1,1,1,1,1,-1,-1,1,-1,-1,1,1,-1,-1,-1,-1,1,-1,22.933501773
-1,1,1,1,1,-1,-1,1,-1,-1,1,1,-1,-1,-1,-1,1,-1,1,21.07470415
1,1,1,1,-1,-1,1,-1,-1,1,1,-1,-1,-1,-1,1,-1,1,-1,20.286440844
1,1,1,-1,-1,1,-1,-1,1,1,-1,-1,-1,-1,1,-1,1,-1,1,22.985904855
1,1,-1,-1,1,-1,-1,1,1,-1,-1,-1,-1,1,-1,1,-1,1,1,22.93756175
1,-1,-1,1,-1,-1,1,1,-1,-1,-1,-1,1,-1,1,-1,1,1,1,20.95222763
-1,-1,1,-1,-1,1,1,-1,-1,-1,-1,1,-1,1,-1,1,1,1,1,25.797917077
-1,1,-1,-1,1,1,-1,-1,-1,-1,1,-1,1,-1,1,1,1,1,-1,22.816932536
1,-1,-1,1,1,-1,-1,-1,-1,1,-1,1,-1,1,1,1,1,-1,-1,21.067554798
-1,-1,1,1,-1,-1,-1,-1,1,-1,1,-1,1,1,1,1,-1,-1,1,20.996183884
-1,1,1,-1,-1,-1,-1,1,-1,1,-1,1,1,1,1,-1,-1,1,-1,22.531990942
1,1,1,1,1,1,1,1,1,1,1,1,1,1,1,1,1,1,1,20.329893515
1,1,-1,-1,-1,-1,1,-1,1,-1,1,1,1,1,-1,-1,1,-1,-1,22.88201205
1,-1,-1,-1,-1,1,-1,1,-1,1,1,1,1,-1,-1,1,-1,-1,1,24.480732447
-1,-1,-1,-1,1,-1,1,-1,1,1,1,1,-1,-1,1,-1,-1,1,1,24.458679653
-1,-1,-1,1,-1,1,-1,1,1,1,1,-1,-1,1,-1,-1,1,1,-1,22.264523746
-1,-1,1,-1,1,-1,1,1,1,1,-1,-1,1,-1,-1,1,1,-1,-1,24.513468946
-1,1,-1,1,-1,1,1,1,1,-1,-1,1,-1,-1,1,1,-1,-1,-1,20.393490416
1,-1,1,-1,1,1,1,1,-1,-1,1,-1,-1,1,1,-1,-1,-1,-1,23.929940008
-1,1,-1,1,1,1,1,-1,-1,1,-1,-1,1,1,-1,-1,-1,-1,1,20.327956942
1,-1,1,1,1,1,-1,-1,1,-1,-1,1,1,-1,-1,-1,-1,1,-1,23.174479561
-1,1,1,1,1,-1,-1,1,-1,-1,1,1,-1,-1,-1,-1,1,-1,1,21.122801667
1,1,1,1,-1,-1,1,-1,-1,1,1,-1,-1,-1,-1,1,-1,1,-1,20.27266945
1,1,1,-1,-1,1,-1,-1,1,1,-1,-1,-1,-1,1,-1,1,-1,1,22.74850734
1,1,-1,-1,1,-1,-1,1,1,-1,-1,-1,-1,1,-1,1,-1,1,1,22.990436
1,-1,-1,1,-1,-1,1,1,-1,-1,-1,-1,1,-1,1,-1,1,1,1,20.834897174
-1,-1,1,-1,-1,1,1,-1,-1,-1,-1,1,-1,1,-1,1,1,1,1,25.17672265
-1,1,-1,-1,1,1,-1,-1,-1,-1,1,-1,1,-1,1,1,1,1,-1,22.505128263
1,-1,-1,1,1,-1,-1,-1,-1,1,-1,1,-1,1,1,1,1,-1,-1,21.297043977
-1,-1,1,1,-1,-1,-1,-1,1,-1,1,-1,1,1,1,1,-1,-1,1,21.194561239
-1,1,1,-1,-1,-1,-1,1,-1,1,-1,1,1,1,1,-1,-1,1,-1,22.74364151
1,1,1,1,1,1,1,1,1,1,1,1,1,1,1,1,1,1,1,20.002764528
1,1,-1,-1,-1,-1,1,-1,1,-1,1,1,1,1,-1,-1,1,-1,-1,22.863574008
1,-1,-1,-1,-1,1,-1,1,-1,1,1,1,1,-1,-1,1,-1,-1,1,24.599650984
-1,-1,-1,-1,1,-1,1,-1,1,1,1,1,-1,-1,1,-1,-1,1,1,23.900787919
-1,-1,-1,1,-1,1,-1,1,1,1,1,-1,-1,1,-1,-1,1,1,-1,22.49098469
-1,-1,1,-1,1,-1,1,1,1,1,-1,-1,1,-1,-1,1,1,-1,-1,24.448098782
-1,1,-1,1,-1,1,1,1,1,-1,-1,1,-1,-1,1,1,-1,-1,-1,19.848718963
1,-1,1,-1,1,1,1,1,-1,-1,1,-1,-1,1,1,-1,-1,-1,-1,23.931345179
-1,1,-1,1,1,1,1,-1,-1,1,-1,-1,1,1,-1,-1,-1,-1,1,20.55808934
1,-1,1,1,1,1,-1,-1,1,-1,-1,1,1,-1,-1,-1,-1,1,-1,23.092008508
-1,1,1,1,1,-1,-1,1,-1,-1,1,1,-1,-1,-1,-1,1,-1,1,21.179519525
1,1,1,1,-1,-1,1,-1,-1,1,1,-1,-1,-1,-1,1,-1,1,-1,20.272062826
1,1,1,-1,-1,1,-1,-1,1,1,-1,-1,-1,-1,1,-1,1,-1,1,22.930385097
1,1,-1,-1,1,-1,-1,1,1,-1,-1,-1,-1,1,-1,1,-1,1,1,23.130598043
1,-1,-1,1,-1,-1,1,1,-1,-1,-1,-1,1,-1,1,-1,1,1,1,20.851409245
-1,-1,1,-1,-1,1,1,-1,-1,-1,-1,1,-1,1,-1,1,1,1,1,25.018824571
-1,1,-1,-1,1,1,-1,-1,-1,-1,1,-1,1,-1,1,1,1,1,-1,23.045571138
1,-1,-1,1,1,-1,-1,-1,-1,1,-1,1,-1,1,1,1,1,-1,-1,21.434355734
-1,-1,1,1,-1,-1,-1,-1,1,-1,1,-1,1,1,1,1,-1,-1,1,21.377615797
-1,1,1,-1,-1,-1,-1,1,-1,1,-1,1,1,1,1,-1,-1,1,-1,23.067120788
1,1,1,1,1,1,1,1,1,1,1,1,1,1,1,1,1,1,1,20.336981444
1,1,-1,-1,-1,-1,1,-1,1,-1,1,1,1,1,-1,-1,1,-1,-1,22.962859847
1,-1,-1,-1,-1,1,-1,1,-1,1,1,1,1,-1,-1,1,-1,-1,1,24.620141029
-1,-1,-1,-1,1,-1,1,-1,1,1,1,1,-1,-1,1,-1,-1,1,1,24.578333855
-1,-1,-1,1,-1,1,-1,1,1,1,1,-1,-1,1,-1,-1,1,1,-1,22.355797512
-1,-1,1,-1,1,-1,1,1,1,1,-1,-1,1,-1,-1,1,1,-1,-1,24.932984052
-1,1,-1,1,-1,1,1,1,1,-1,-1,1,-1,-1,1,1,-1,-1,-1,20.53919403
1,-1,1,-1,1,1,1,1,-1,-1,1,-1,-1,1,1,-1,-1,-1,-1,23.960335846
-1,1,-1,1,1,1,1,-1,-1,1,-1,-1,1,1,-1,-1,-1,-1,1,20.630290884
1,-1,1,1,1,1,-1,-1,1,-1,-1,1,1,-1,-1,-1,-1,1,-1,23.005647845
-1,1,1,1,1,-1,-1,1,-1,-1,1,1,-1,-1,-1,-1,1,-1,1,20.931462218
1,1,1,1,-1,-1,1,-1,-1,1,1,-1,-1,-1,-1,1,-1,1,-1,20.238749854
1,1,1,-1,-1,1,-1,-1,1,1,-1,-1,-1,-1,1,-1,1,-1,1,22.703756709
1,1,-1,-1,1,-1,-1,1,1,-1,-1,-1,-1,1,-1,1,-1,1,1,22.818040848
1,-1,-1,1,-1,-1,1,1,-1,-1,-1,-1,1,-1,1,-1,1,1,1,20.957205975
-1,-1,1,-1,-1,1,1,-1,-1,-1,-1,1,-1,1,-1,1,1,1,1,25.275381878
-1,1,-1,-1,1,1,-1,-1,-1,-1,1,-1,1,-1,1,1,1,1,-1,22.836869768
1,-1,-1,1,1,-1,-1,-1,-1,1,-1,1,-1,1,1,1,1,-1,-1,21.286996775
-1,-1,1,1,-1,-1,-1,-1,1,-1,1,-1,1,1,1,1,-1,-1,1,21.242150909
-1,1,1,-1,-1,-1,-1,1,-1,1,-1,1,1,1,1,-1,-1,1,-1,22.75760392
1,1,1,1,1,1,1,1,1,1,1,1,1,1,1,1,1,1,1,20.274925459
1,1,-1,-1,-1,-1,1,-1,1,-1,1,1,1,1,-1,-1,1,-1,-1,22.834520095
1,-1,-1,-1,-1,1,-1,1,-1,1,1,1,1,-1,-1,1,-1,-1,1,24.459130165
-1,-1,-1,-1,1,-1,1,-1,1,1,1,1,-1,-1,1,-1,-1,1,1,24.097265411
-1,-1,-1,1,-1,1,-1,1,1,1,1,-1,-1,1,-1,-1,1,1,-1,22.494530601
-1,-1,1,-1,1,-1,1,1,1,1,-1,-1,1,-1,-1,1,1,-1,-1,24.834998912
-1,1,-1,1,-1,1,1,1,1,-1,-1,1,-1,-1,1,1,-1,-1,-1,20.168678078
1,-1,1,-1,1,1,1,1,-1,-1,1,-1,-1,1,1,-1,-1,-1,-1,24.068756387
-1,1,-1,1,1,1,1,-1,-1,1,-1,-1,1,1,-1,-1,-1,-1,1,20.629833692
1,-1,1,1,1,1,-1,-1,1,-1,-1,1,1,-1,-1,-1,-1,1,-1,23.851181007
-1,1,1,1,1,-1,-1,1,-1,-1,1,1,-1,-1,-1,-1,1,-1,1,21.125222821
1,1,1,1,-1,-1,1,-1,-1,1,1,-1,-1,-1,-1,1,-1,1,-1,20.213736364
1,1,1,-1,-1,1,-1,-1,1,1,-1,-1,-1,-1,1,-1,1,-1,1,22.934325283
1,1,-1,-1,1,-1,-1,1,1,-1,-1,-1,-1,1,-1,1,-1,1,1,23.186957159
1,-1,-1,1,-1,-1,1,1,-1,-1,-1,-1,1,-1,1,-1,1,1,1,20.799419818
-1,-1,1,-1,-1,1,1,-1,-1,-1,-1,1,-1,1,-1,1,1,1,1,25.253516119
-1,1,-1,-1,1,1,-1,-1,-1,-1,1,-1,1,-1,1,1,1,1,-1,22.866025081
1,-1,-1,1,1,-1,-1,-1,-1,1,-1,1,-1,1,1,1,1,-1,-1,20.936814342
-1,-1,1,1,-1,-1,-1,-1,1,-1,1,-1,1,1,1,1,-1,-1,1,21.420198543
-1,1,1,-1,-1,-1,-1,1,-1,1,-1,1,1,1,1,-1,-1,1,-1,22.942959431
1,1,1,1,1,1,1,1,1,1,1,1,1,1,1,1,1,1,1,20.318447384
1,1,-1,-1,-1,-1,1,-1,1,-1,1,1,1,1,-1,-1,1,-1,-1,22.948038236
1,-1,-1,-1,-1,1,-1,1,-1,1,1,1,1,-1,-1,1,-1,-1,1,24.560107389
-1,-1,-1,-1,1,-1,1,-1,1,1,1,1,-1,-1,1,-1,-1,1,1,23.897042732
-1,-1,-1,1,-1,1,-1,1,1,1,1,-1,-1,1,-1,-1,1,1,-1,22.18099659
-1,-1,1,-1,1,-1,1,1,1,1,-1,-1,1,-1,-1,1,1,-1,-1,24.687618439
-1,1,-1,1,-1,1,1,1,1,-1,-1,1,-1,-1,1,1,-1,-1,-1,20.287549824
1,-1,1,-1,1,1,1,1,-1,-1,1,-1,-1,1,1,-1,-1,-1,-1,24.011012272
-1,1,-1,1,1,1,1,-1,-1,1,-1,-1,1,1,-1,-1,-1,-1,1,20.728118117
1,-1,1,1,1,1,-1,-1,1,-1,-1,1,1,-1,-1,-1,-1,1,-1,23.080407991
-1,1,1,1,1,-1,-1,1,-1,-1,1,1,-1,-1,-1,-1,1,-1,1,21.062017622
1,1,1,1,-1,-1,1,-1,-1,1,1,-1,-1,-1,-1,1,-1,1,-1,20.354698268
1,1,1,-1,-1,1,-1,-1,1,1,-1,-1,-1,-1,1,-1,1,-1,1,23.278467134
1,1,-1,-1,1,-1,-1,1,1,-1,-1,-1,-1,1,-1,1,-1,1,1,23.177722726
1,-1,-1,1,-1,-1,1,1,-1,-1,-1,-1,1,-1,1,-1,1,1,1,20.850812395
-1,-1,1,-1,-1,1,1,-1,-1,-1,-1,1,-1,1,-1,1,1,1,1,25.37701599
-1,1,-1,-1,1,1,-1,-1,-1,-1,1,-1,1,-1,1,1,1,1,-1,22.785859335
1,-1,-1,1,1,-1,-1,-1,-1,1,-1,1,-1,1,1,1,1,-1,-1,21.286179788
-1,-1,1,1,-1,-1,-1,-1,1,-1,1,-1,1,1,1,1,-1,-1,1,21.39778034
-1,1,1,-1,-1,-1,-1,1,-1,1,-1,1,1,1,1,-1,-1,1,-1,22.782709205
1,1,1,1,1,1,1,1,1,1,1,1,1,1,1,1,1,1,1,20.302048738
1,1,-1,-1,-1,-1,1,-1,1,-1,1,1,1,1,-1,-1,1,-1,-1,23.223007628
1,-1,-1,-1,-1,1,-1,1,-1,1,1,1,1,-1,-1,1,-1,-1,1,24.591512273
-1,-1,-1,-1,1,-1,1,-1,1,1,1,1,-1,-1,1,-1,-1,1,1,24.342496665
-1,-1,-1,1,-1,1,-1,1,1,1,1,-1,-1,1,-1,-1,1,1,-1,22.948229807
-1,-1,1,-1,1,-1,1,1,1,1,-1,-1,1,-1,-1,1,1,-1,-1,24.876471957
-1,1,-1,1,-1,1,1,1,1,-1,-1,1,-1,-1,1,1,-1,-1,-1,20.173635965
1,-1,1,-1,1,1,1,1,-1,-1,1,-1,-1,1,1,-1,-1,-1,-1,24.467476076
-1,1,-1,1,1,1,1,-1,-1,1,-1,-1,1,1,-1,-1,-1,-1,1,20.782958294
1,-1,1,1,1,1,-1,-1,1,-1,-1,1,1,-1,-1,-1,-1,1,-1,23.31272067
-1,1,1,1,1,-1,-1,1,-1,-1,1,1,-1,-1,-1,-1,1,-1,1,21.386932491
1,1,1,1,-1,-1,1,-1,-1,1,1,-1,-1,-1,-1,1,-1,1,-1,20.332802234
1,1,1,-1,-1,1,-1,-1,1,1,-1,-1,-1,-1,1,-1,1,-1,1,22.972524521
1,1,-1,-1,1,-1,-1,1,1,-1,-1,-1,-1,1,-1,1,-1,1,1,22.934116435
1,-1,-1,1,-1,-1,1,1,-1,-1,-1,-1,1,-1,1,-1,1,1,1,20.982624121
-1,-1,1,-1,-1,1,1,-1,-1,-1,-1,1,-1,1,-1,1,1,1,1,26.143587625
-1,1,-1,-1,1,1,-1,-1,-1,-1,1,-1,1,-1,1,1,1,1,-1,22.721390928
1,-1,-1,1,1,-1,-1,-1,-1,1,-1,1,-1,1,1,1,1,-1,-1,21.050099513
-1,-1,1,1,-1,-1,-1,-1,1,-1,1,-1,1,1,1,1,-1,-1,1,21.336090853
-1,1,1,-1,-1,-1,-1,1,-1,1,-1,1,1,1,1,-1,-1,1,-1,22.98283156
